time_stap;hydrostatic_pressure;vapour_pressure;h_measured;water_level;product_density;t0;t1;t2;t3;t4;t5;t6;t7;t8;t9
1;65964;2006;7144;12;922;15;29;24;23;26;15;15;22;18;21
2;63845;2018;7162;11;925;28;20;16;30;23;15;28;15;30;23
3;64231;1972;7156;14;927;22;18;19;17;20;30;30;24;18;16
4;65716;2045;7180;15;926;27;22;24;17;20;17;19;30;20;17
5;63617;1980;7177;10;924;24;25;21;30;25;29;29;15;28;18
6;63112;2002;7133;15;929;23;26;25;24;25;22;22;25;28;19
7;63085;2033;7117;14;921;15;29;26;28;15;25;23;25;25;28
8;63567;2013;7104;13;922;24;25;15;22;15;15;24;21;22;16
9;65808;1972;7123;15;920;15;29;27;26;15;21;26;27;26;21
10;63091;1954;7153;11;928;17;17;17;15;15;29;17;25;19;20
11;65478;1972;7198;9;923;27;27;25;28;28;29;23;19;20;18
12;65234;1998;7149;15;924;30;22;24;24;22;16;22;25;25;17
13;63816;2034;7151;9;929;21;20;24;20;22;29;20;23;22;16
14;64271;1955;7106;12;930;26;18;29;29;17;28;23;29;28;27
15;65271;1988;7185;14;928;19;15;25;28;22;27;30;20;21;30
16;65577;1959;7197;14;921;26;22;28;27;22;22;19;24;30;29
17;65103;2022;7153;9;922;18;22;17;30;20;17;27;20;27;24
18;64168;2022;7151;9;926;22;20;15;27;21;22;22;18;17;15
19;63065;2049;7173;9;930;15;19;15;27;26;23;16;19;16;27
20;65970;2036;7119;13;920;25;19;24;21;27;18;24;25;26;22
21;63540;1986;7179;11;928;22;29;15;26;19;28;24;30;19;20
22;63434;2022;7198;10;928;18;15;24;19;20;15;18;24;17;22
23;63335;1954;7169;10;920;22;28;25;27;19;22;25;21;17;17
24;64298;1974;7110;13;923;24;16;27;20;20;30;28;16;25;29
25;65143;2010;7182;14;921;29;15;22;18;21;21;17;21;19;28
26;65121;2036;7191;13;928;25;20;19;29;24;29;24;21;23;18
27;64131;2018;7169;13;927;20;28;29;25;22;23;25;30;23;23
28;65362;1959;7163;14;921;19;15;28;21;28;18;15;26;23;25
29;64496;1986;7144;11;922;15;24;26;18;17;19;22;30;21;26
30;64255;2025;7148;11;926;26;27;23;29;25;22;25;17;17;17
31;65179;2036;7144;11;928;25;26;20;16;30;20;27;18;24;15
32;63132;1985;7116;9;926;15;22;19;29;27;26;22;15;21;23
33;65444;1993;7120;9;923;21;24;24;15;26;26;23;23;28;16
34;63460;1961;7178;12;922;17;25;18;18;30;21;28;28;29;24
35;63839;2029;7129;15;923;17;21;17;25;16;20;27;16;26;22
36;65236;2035;7133;13;923;25;25;16;16;21;19;25;23;21;23
37;64376;2049;7191;13;920;18;18;22;17;17;23;16;23;27;26
38;64062;1964;7179;11;921;20;27;23;15;26;28;22;19;23;16
39;63400;2006;7166;12;922;21;24;22;15;19;30;26;21;19;19
40;65586;2012;7119;13;928;20;24;21;26;30;23;20;20;30;20
41;63050;1977;7138;12;928;29;21;30;29;19;29;30;15;18;17
42;63251;1956;7126;10;927;18;28;30;16;24;25;16;18;29;27
43;64888;1980;7163;15;925;23;22;26;29;28;24;22;25;25;24
44;63861;2043;7155;11;927;28;28;15;17;25;27;19;21;20;30
45;63795;1966;7176;14;928;24;16;17;18;27;21;26;22;27;18
46;65575;2030;7136;9;929;16;16;16;30;26;16;18;18;16;18
47;64001;2021;7126;15;927;21;22;26;16;29;27;22;27;24;24
48;64967;1950;7176;14;927;27;24;27;30;23;16;28;15;21;30
49;65171;2037;7117;14;924;17;28;30;28;23;15;21;30;16;28
50;63187;2036;7193;14;922;23;22;27;22;20;25;15;16;16;19
51;64924;1997;7198;14;920;15;23;23;16;29;19;25;20;22;17
52;63277;1975;7174;12;925;28;21;28;22;20;21;25;22;18;19
53;64826;2050;7182;12;927;29;16;22;29;24;18;28;22;26;28
54;63726;2029;7108;12;920;30;15;22;30;30;29;22;17;17;26
55;64272;2034;7156;14;929;28;29;28;28;25;26;26;17;30;15
56;64290;1964;7167;10;926;22;17;29;22;25;25;29;20;27;22
57;65116;1981;7180;11;927;21;26;27;19;19;30;26;29;21;23
58;64575;2011;7142;13;920;25;20;23;17;25;17;19;17;18;15
59;64206;1961;7175;15;926;19;15;16;29;29;26;30;28;23;18
60;63126;1953;7183;15;924;27;19;29;17;30;15;28;19;29;15
61;64462;1978;7109;9;920;18;24;16;27;15;23;17;27;19;15
62;63500;1974;7127;11;924;23;22;23;22;29;28;25;16;29;26
63;65296;1974;7186;10;927;30;15;16;22;23;27;24;21;17;29
64;65370;2043;7140;14;930;23;15;17;21;30;18;30;27;26;20
65;65002;1996;7148;13;929;20;23;21;30;18;28;27;25;27;17
66;64720;2000;7147;12;926;17;18;19;30;15;16;23;18;19;20
67;63143;1951;7176;13;927;24;21;26;16;22;23;25;29;26;18
68;65522;1985;7139;10;929;19;18;24;29;18;22;17;15;23;20
69;63260;2018;7161;13;927;18;28;16;26;30;18;18;17;26;30
70;65917;1970;7196;13;924;18;18;28;30;28;19;29;15;28;20
71;65709;2026;7177;10;926;18;20;25;23;21;30;19;25;15;23
72;63864;2044;7112;15;920;27;26;21;21;22;24;25;19;18;22
73;65370;2010;7105;14;924;21;15;21;18;20;15;25;27;27;24
74;64675;1990;7156;14;929;30;28;22;22;28;17;18;27;29;29
75;64219;2047;7143;9;924;24;20;29;17;27;25;28;17;17;24
76;65140;2024;7126;10;921;16;21;23;19;29;30;25;17;30;25
77;63493;1995;7200;14;920;30;23;30;22;21;23;30;15;21;18
78;64220;2020;7197;13;927;24;22;23;28;15;16;18;16;21;17
79;65706;2032;7159;10;926;30;23;30;26;15;24;30;23;28;18
80;63842;2017;7157;14;926;24;18;19;24;23;19;19;17;17;29
81;63482;1985;7196;12;929;22;22;25;25;21;27;15;26;24;25
82;63984;1980;7137;12;924;29;24;23;20;20;24;21;24;22;23
83;64730;2039;7108;13;924;20;27;24;25;21;24;17;25;24;24
84;64875;2039;7198;9;922;26;23;16;20;25;17;19;19;15;17
85;65692;1985;7171;13;923;30;26;30;26;20;28;17;28;24;21
86;63525;1951;7178;12;923;21;29;18;15;26;20;17;16;22;18
87;64577;2050;7166;12;922;16;15;24;15;28;30;26;27;21;22
88;64708;1984;7171;12;922;26;27;25;20;22;25;19;15;23;22
89;63364;2025;7141;14;922;18;15;23;17;23;18;24;18;30;23
90;63442;1996;7200;9;930;25;30;15;15;21;20;15;21;15;19
91;64139;2034;7112;11;930;16;21;17;23;20;23;26;19;23;28
92;65210;1999;7187;10;927;25;21;20;21;22;18;21;25;28;27
93;65356;2046;7168;15;930;23;26;21;23;30;24;29;25;23;16
94;65353;2005;7167;14;923;20;18;30;30;16;29;15;23;29;24
95;63207;2009;7138;10;925;15;21;17;16;20;20;27;22;23;27
96;65462;2034;7132;15;924;21;20;16;27;22;17;29;17;20;24
97;64798;1990;7136;14;920;24;22;24;23;25;24;29;16;17;16
98;64724;1977;7111;13;928;30;15;15;22;30;16;28;21;16;17
99;65689;1979;7115;10;928;30;19;17;19;28;22;15;26;20;16
100;64509;2044;7106;15;928;16;17;15;15;22;15;17;18;22;22
101;63795;2046;7166;15;928;15;30;16;17;23;21;25;15;22;30
102;65653;2006;7192;14;926;25;20;23;28;25;23;23;21;27;30
103;64468;1996;7143;9;922;26;17;24;27;30;25;15;17;19;27
104;65735;2035;7100;11;926;16;20;25;16;18;29;24;19;24;28
105;64905;2019;7197;15;923;25;24;18;29;17;23;25;23;26;28
106;64513;1994;7111;10;929;20;22;30;18;30;23;26;19;24;15
107;64911;2016;7158;13;929;27;30;25;29;17;19;28;17;28;18
108;64100;2027;7177;11;922;15;25;26;20;19;30;24;17;21;22
109;64712;2018;7149;9;920;25;22;17;22;21;23;15;29;16;16
110;63831;2029;7181;13;926;23;29;16;15;30;24;15;25;15;17
111;64348;2031;7140;10;930;18;24;30;26;18;18;24;17;22;22
112;64545;2018;7126;14;922;26;21;16;20;18;15;28;23;27;16
113;63825;1976;7117;9;929;23;21;23;22;29;25;23;18;22;21
114;65953;2048;7101;13;920;29;16;19;15;17;15;24;22;15;19
115;65344;1996;7191;13;920;28;25;16;25;27;29;15;28;17;21
116;64191;2018;7139;15;924;20;29;24;20;16;16;28;15;23;25
117;65486;1955;7169;11;926;23;16;25;17;29;25;23;27;30;18
118;64284;1966;7183;12;926;29;19;19;23;23;29;30;29;21;24
119;65967;1971;7110;11;928;20;16;23;24;19;22;30;15;28;23
120;64678;2016;7114;14;923;19;15;15;21;17;20;29;25;20;25
121;64999;2049;7176;11;927;17;26;15;30;16;26;27;19;27;16
122;64027;2002;7105;10;929;18;16;17;24;27;20;21;24;15;19
123;65496;2028;7114;11;920;29;15;25;27;30;29;26;18;22;30
124;63449;1998;7158;10;928;22;29;22;16;24;22;20;15;26;23
125;65828;1970;7116;13;920;26;16;28;30;21;19;27;26;18;26
126;63729;1967;7193;14;922;30;22;27;22;22;21;29;16;25;30
127;63482;2032;7147;12;927;27;19;27;30;27;18;28;28;18;24
128;63998;2029;7114;9;928;20;26;24;23;26;16;25;23;29;20
129;65005;2018;7163;10;927;28;26;23;26;23;30;18;16;22;20
130;63424;1955;7186;12;922;17;19;30;17;19;27;16;19;21;27
131;64287;1987;7115;10;924;23;28;20;30;28;15;18;19;24;27
132;64653;1983;7169;12;927;19;23;20;22;26;25;29;19;23;17
133;63587;1970;7129;15;930;20;22;24;20;17;27;28;24;16;16
134;65576;2015;7140;14;922;25;24;23;18;29;22;26;27;25;29
135;65574;1951;7127;15;921;22;30;28;25;19;15;23;24;26;18
136;64596;1987;7161;14;920;15;29;23;22;20;17;29;17;20;19
137;63578;2046;7148;15;928;26;15;27;22;25;26;22;16;20;27
138;65375;2024;7155;10;927;16;28;15;28;30;28;21;28;23;25
139;65194;2013;7152;12;929;17;29;22;26;30;16;28;21;16;18
140;64207;2038;7128;10;928;18;28;27;19;23;25;25;20;24;26
141;64029;2011;7142;15;930;19;30;26;30;22;30;19;24;16;22
142;63886;1968;7164;13;920;26;27;26;18;30;18;29;26;30;25
143;63189;1998;7185;13;921;24;29;19;15;18;24;27;18;23;30
144;63677;2030;7140;14;924;27;16;30;30;25;15;29;30;29;29
145;63224;2011;7116;14;924;17;16;16;18;16;27;17;16;25;17
146;64242;2032;7164;9;928;18;27;24;22;15;15;30;29;19;18
147;65901;1960;7134;10;927;20;30;18;23;16;19;22;15;20;22
148;64554;2006;7192;9;921;29;20;17;20;23;16;20;17;16;26
149;63904;2009;7187;9;930;30;18;18;20;24;17;23;30;27;27
150;65824;1991;7102;12;929;28;30;16;28;20;23;25;29;28;26
151;66000;1960;7117;12;924;30;25;26;19;27;15;30;28;22;20
152;65724;1983;7116;9;922;27;26;19;21;15;22;21;30;15;15
153;65965;2037;7102;11;922;24;15;26;29;19;24;21;21;15;23
154;64852;1953;7132;14;926;20;27;20;19;27;25;29;17;16;20
155;64784;2034;7137;9;929;16;20;17;26;15;23;17;15;30;18
156;63567;1976;7184;12;926;22;28;24;22;15;19;18;24;25;17
157;64831;2023;7125;12;920;18;20;28;19;23;24;21;22;28;26
158;65803;2026;7122;10;927;21;20;28;17;20;15;29;16;22;25
159;65248;1963;7153;15;929;16;29;25;21;18;25;16;26;25;22
160;64602;1978;7190;13;920;19;15;24;16;29;20;27;26;26;27
161;63539;1963;7149;10;930;16;23;25;30;16;23;17;28;24;17
162;65315;2035;7172;15;930;18;20;21;18;27;15;28;26;15;21
163;65077;1970;7193;9;922;16;30;27;27;22;20;25;20;19;30
164;63520;1955;7103;10;930;22;19;24;26;26;27;25;27;23;22
165;63099;2043;7106;9;924;29;21;22;25;23;20;27;21;24;16
166;63392;2001;7186;12;920;25;29;19;30;29;20;22;21;15;28
167;63312;2030;7136;15;926;28;20;20;18;15;16;26;18;30;22
168;65135;2022;7176;12;925;18;20;27;23;24;21;17;21;22;19
169;65183;1959;7111;11;923;17;25;18;23;23;23;25;21;16;30
170;64956;1998;7142;13;921;29;30;28;25;21;26;19;24;30;24
171;64105;1991;7184;9;929;25;29;16;24;23;23;28;25;29;30
172;64366;2000;7197;14;927;21;22;28;29;29;17;30;22;22;16
173;64828;1958;7109;10;923;24;26;29;22;22;18;30;15;16;24
174;63702;2004;7171;13;929;18;26;20;16;15;28;17;28;24;25
175;65541;2002;7175;15;927;22;26;19;27;26;30;28;15;20;20
176;64450;2026;7134;10;929;22;15;22;23;23;18;26;25;30;15
177;64719;2010;7199;9;929;18;24;23;21;25;19;19;24;29;18
178;65224;2048;7188;14;928;15;21;19;29;17;22;18;19;25;26
179;65407;1972;7132;13;926;15;25;25;16;22;18;29;20;24;16
180;65627;1985;7159;12;928;26;22;22;23;17;16;29;30;16;15
181;65475;2021;7153;12;923;27;27;27;22;23;20;30;17;26;17
182;64243;1995;7124;9;927;16;18;19;15;22;29;28;20;22;20
183;65946;2034;7146;9;928;17;16;22;21;16;16;23;21;17;30
184;64263;1975;7108;14;922;29;16;19;22;15;20;24;17;26;23
185;65610;2024;7105;9;927;27;29;29;18;28;20;20;27;20;25
186;64308;1963;7180;10;930;16;26;22;26;20;27;27;16;29;23
187;65364;1950;7195;12;929;29;24;25;19;17;26;28;25;28;25
188;63227;2032;7123;15;922;22;17;19;26;19;15;25;28;27;22
189;63364;1982;7190;14;925;23;19;19;28;15;25;15;29;19;16
190;64336;1957;7116;10;924;25;28;19;25;24;26;25;25;23;26
191;65784;2003;7184;15;929;25;18;25;28;16;27;17;27;25;22
192;64432;2033;7178;12;920;21;15;28;18;28;25;29;15;30;22
193;63272;2002;7183;14;920;21;29;30;20;18;27;27;28;18;22
194;64723;1996;7194;12;923;21;28;23;23;30;18;16;25;30;21
195;65718;2042;7119;14;920;15;29;29;28;17;17;24;19;29;28
196;64044;2041;7104;15;921;27;18;27;23;28;30;15;26;21;27
197;65713;1989;7158;15;930;22;16;30;25;26;23;20;23;28;27
198;65261;1969;7177;14;925;16;15;25;20;15;27;21;23;25;17
199;65989;2008;7177;13;925;15;30;20;25;28;16;23;20;17;22
200;63088;1983;7153;11;929;18;28;27;28;25;23;17;21;15;24
201;65858;1988;7194;15;927;29;24;26;16;20;26;16;25;23;26
202;63518;2036;7137;13;927;15;17;21;27;19;21;25;15;25;19
203;63982;2046;7173;15;929;21;20;16;28;21;17;24;29;26;26
204;65875;1990;7134;15;930;23;24;26;24;20;30;18;20;20;23
205;63798;2048;7122;13;927;25;30;21;20;29;18;18;27;26;17
206;63109;1960;7164;13;926;20;17;26;29;17;24;19;23;24;20
207;64752;2018;7153;10;930;20;21;22;23;15;21;17;18;17;18
208;63388;2017;7186;10;920;29;16;16;24;16;28;16;17;16;18
209;63262;2021;7159;10;926;22;30;17;30;29;24;17;22;29;20
210;65431;2033;7157;14;930;21;18;20;29;24;29;25;27;15;15
211;64874;1954;7148;15;927;18;21;17;24;22;18;16;20;27;21
212;65820;2037;7155;15;920;26;26;30;19;28;16;22;15;26;23
213;65990;2048;7144;11;924;15;24;22;29;18;28;30;24;20;28
214;64806;2035;7176;12;923;15;30;21;26;20;28;27;18;30;22
215;65766;1991;7131;9;930;19;28;21;29;18;26;19;27;30;20
216;64420;1954;7140;14;928;17;29;19;19;26;18;16;18;15;29
217;65844;1957;7175;13;925;17;26;15;19;19;27;17;27;16;24
218;64111;2003;7194;10;924;17;24;28;21;25;23;18;28;17;18
219;65046;2041;7197;14;920;18;16;21;24;20;17;15;30;17;21
220;65329;1955;7113;14;922;25;23;30;24;27;22;17;25;21;17
221;63582;1976;7124;11;922;22;19;27;16;16;26;22;21;17;27
222;63776;1977;7173;13;926;24;21;28;24;26;30;15;19;21;24
223;63583;2033;7158;13;923;24;29;18;21;27;27;20;28;28;15
224;65884;2044;7102;14;924;22;15;25;26;20;16;27;27;28;21
225;63198;2034;7196;10;927;26;22;17;18;30;19;29;30;27;19
226;63381;2017;7123;10;924;24;29;24;15;24;30;24;17;20;26
227;65456;1958;7146;13;923;16;20;28;21;17;23;20;18;16;26
228;64471;2015;7102;12;920;18;28;19;16;17;19;15;22;15;30
229;64930;1973;7141;9;928;21;25;30;24;15;20;27;27;28;25
230;64714;1964;7184;11;921;19;23;18;21;27;26;22;16;21;28
231;63967;1987;7125;12;920;23;20;27;16;15;30;27;29;19;19
232;64171;2005;7133;15;921;28;15;28;15;21;20;27;21;15;15
233;63718;2011;7112;9;926;28;15;30;21;20;20;27;28;26;23
234;65649;1958;7198;10;924;19;30;26;29;15;16;25;26;17;29
235;65314;2007;7115;15;922;19;30;28;27;18;28;29;23;17;17
236;63386;1987;7144;10;926;19;23;17;20;18;20;20;25;20;15
237;64598;2008;7153;9;927;26;22;23;25;26;24;22;25;29;17
238;64381;2003;7113;14;930;18;24;17;16;22;15;25;26;15;16
239;65751;2009;7120;14;927;18;26;29;23;29;28;22;21;21;23
240;63879;2031;7183;10;921;23;20;24;30;23;26;16;21;30;26
241;65149;1957;7177;15;923;16;26;20;27;29;30;17;25;29;30
242;65331;2008;7141;14;924;26;17;27;23;26;22;26;16;16;27
243;64690;1991;7112;15;930;29;23;27;25;23;21;17;30;27;22
244;65505;1995;7125;10;926;29;23;16;20;17;21;19;26;27;21
245;65515;1996;7169;12;927;25;28;17;15;17;25;22;26;23;22
246;63477;1975;7136;10;927;17;22;30;17;15;17;17;20;22;27
247;63675;2026;7156;10;923;25;28;23;18;15;29;17;25;18;25
248;63555;1981;7120;13;930;26;16;28;19;16;17;18;15;18;17
249;65155;2047;7137;13;922;22;16;28;21;16;19;18;17;22;29
250;64754;1952;7181;10;929;24;26;24;23;21;20;19;20;17;30
251;63276;2027;7122;14;920;29;30;18;26;20;21;24;20;29;27
252;64159;1995;7157;11;928;21;26;26;20;16;23;30;18;26;26
253;63839;1988;7162;13;923;15;17;25;26;17;25;29;24;21;18
254;65998;2048;7172;10;926;21;20;16;25;25;17;22;29;22;23
255;64394;2041;7173;9;922;29;29;22;16;28;28;27;21;23;17
256;63155;2014;7107;13;923;25;20;26;26;26;18;18;15;30;22
257;64057;2041;7180;9;925;22;20;21;28;20;21;20;20;20;24
258;64519;1961;7110;9;929;25;29;26;29;24;25;19;30;21;17
259;65629;1958;7115;14;925;27;17;24;22;27;15;16;22;30;21
260;64519;2042;7185;11;920;15;28;21;18;25;18;15;16;20;27
261;63482;2035;7132;15;928;26;22;18;24;29;29;19;16;27;20
262;64879;2048;7113;10;920;16;16;28;23;21;27;17;21;19;27
263;65183;2045;7190;14;930;16;27;15;18;18;21;25;27;19;17
264;64790;1952;7160;9;922;27;24;28;29;18;18;26;17;24;26
265;65505;1991;7193;14;926;17;18;19;20;15;25;26;24;24;16
266;65437;1982;7112;9;930;22;30;18;28;29;24;20;25;17;21
267;64589;2042;7197;12;929;25;15;20;28;15;20;25;29;25;17
268;64044;2011;7111;13;926;26;24;23;19;28;23;16;19;19;29
269;63308;1979;7119;12;927;21;30;19;27;29;24;29;27;23;26
270;63578;1958;7183;14;920;22;25;15;19;30;24;22;23;17;25
271;65256;2019;7176;13;928;25;23;17;15;19;30;15;30;20;17
272;65703;2020;7194;11;924;23;18;25;29;26;19;20;16;15;26
273;63280;2006;7116;15;921;17;25;25;24;27;22;20;22;24;26
274;63293;1957;7181;11;924;24;20;24;20;30;15;19;23;17;25
275;63505;2046;7163;9;923;17;26;24;16;29;17;19;25;19;26
276;63660;2038;7154;11;924;18;29;26;26;28;27;25;16;27;23
277;64934;1964;7184;10;929;23;23;19;17;17;19;28;19;17;26
278;65220;2045;7181;14;928;19;20;26;26;22;20;20;18;25;21
279;63368;1983;7121;9;930;20;21;22;15;20;25;25;24;16;15
280;64412;2033;7123;14;920;30;26;30;29;20;28;21;19;29;29
281;64546;1999;7130;15;925;21;22;29;28;27;24;21;15;27;19
282;63648;2036;7144;12;924;28;15;15;30;15;23;18;28;28;23
283;63923;1991;7158;15;921;15;17;18;21;26;30;24;30;28;16
284;65888;1990;7167;12;923;19;17;15;17;30;22;29;20;26;16
285;65921;2038;7168;14;923;30;26;24;17;21;18;19;17;27;20
286;63365;1977;7125;9;923;30;21;29;17;15;15;24;25;19;24
287;65621;2036;7120;9;925;19;17;20;24;21;25;30;15;24;18
288;63854;2004;7177;15;920;15;26;24;20;28;19;22;23;18;30
289;65548;1956;7138;9;929;18;25;22;25;24;23;24;26;18;23
290;65594;2044;7148;10;927;25;27;25;29;29;27;15;23;15;26
291;64594;2033;7114;11;925;26;28;28;18;18;23;16;20;25;25
292;64445;1957;7195;11;923;18;23;16;22;27;18;23;21;20;15
293;64470;2018;7123;12;922;29;30;22;28;18;22;30;26;25;24
294;64646;2005;7106;15;922;19;24;30;25;18;15;19;24;25;30
295;63022;2040;7126;14;928;16;16;24;26;27;18;27;22;16;21
296;64536;2016;7174;15;924;30;23;20;30;26;29;22;28;24;21
297;64676;2000;7199;9;920;27;29;27;28;27;23;23;27;30;16
298;64415;2046;7157;12;922;24;30;24;17;23;21;20;19;24;23
299;63463;2003;7102;10;928;23;27;26;15;23;30;30;18;21;28
300;65161;1959;7100;15;927;21;23;27;23;18;23;30;16;15;16
301;64430;2008;7200;14;923;15;30;26;21;25;21;15;23;26;19
302;65452;2003;7170;12;924;27;15;22;17;25;25;29;24;16;20
303;65124;1974;7195;10;921;17;27;25;22;26;30;17;17;27;27
304;64410;1973;7191;14;930;15;29;27;29;20;15;30;29;21;18
305;63953;2030;7115;10;923;25;29;19;29;17;25;19;24;22;26
306;65135;2027;7125;14;920;25;28;18;23;28;18;27;19;28;22
307;63967;1973;7168;12;929;29;17;27;23;18;16;29;28;18;30
308;63562;1953;7195;10;921;29;29;27;20;16;29;28;27;15;15
309;65519;1997;7129;9;930;24;21;30;15;21;16;20;19;29;28
310;65668;2024;7122;12;920;16;15;19;22;18;29;25;25;17;25
311;65069;1959;7155;13;923;30;25;26;28;23;23;23;18;27;30
312;65594;1969;7200;11;923;24;17;15;28;19;26;20;21;19;24
313;63007;2048;7116;9;928;22;26;26;17;23;18;17;26;28;30
314;64465;1984;7185;12;925;26;28;18;16;27;21;19;18;30;15
315;64317;2040;7170;10;925;19;26;30;22;29;26;19;22;16;27
316;64405;2005;7131;12;930;23;25;26;16;15;25;30;16;20;28
317;64003;1966;7126;11;924;29;22;15;17;19;28;29;21;25;23
318;63218;2005;7107;9;920;27;23;22;23;20;22;15;30;24;23
319;65507;1954;7156;9;921;25;21;26;29;29;23;24;15;26;15
320;64582;2005;7174;15;927;23;30;25;25;30;26;18;22;25;19
321;63902;1952;7192;13;927;26;28;17;27;19;19;29;27;23;15
322;63691;2001;7114;12;927;19;20;24;18;27;19;16;18;26;24
323;65830;1975;7104;13;924;29;28;28;28;18;16;30;29;16;15
324;64458;1980;7179;14;926;16;18;27;30;27;29;28;24;28;16
325;64816;2023;7164;12;929;26;24;26;18;21;18;26;17;19;16
326;65536;2006;7170;15;928;26;18;21;17;30;27;22;19;17;15
327;63942;1959;7123;12;922;28;19;21;22;17;23;17;24;20;27
328;64082;2045;7180;13;925;23;22;22;15;19;15;25;15;23;20
329;64448;2004;7121;10;925;27;29;24;19;21;20;24;26;21;23
330;63074;1974;7109;10;922;21;17;20;15;26;16;20;16;24;26
331;63866;2043;7103;10;926;15;29;24;16;30;29;27;18;18;25
332;64204;2027;7129;12;926;20;21;27;21;20;28;22;15;16;15
333;65682;1990;7170;14;923;25;29;19;17;19;27;19;20;20;20
334;63885;2049;7192;10;928;19;22;30;19;27;19;27;23;24;15
335;64586;2044;7163;13;928;19;27;17;15;26;30;30;21;18;16
336;63224;1977;7115;10;922;30;28;22;19;15;29;23;18;28;16
337;63004;2018;7123;10;923;17;19;28;30;22;25;27;23;21;29
338;65296;1953;7180;13;920;16;22;29;28;28;25;26;18;23;23
339;63701;1994;7173;12;929;15;23;20;20;28;18;20;21;18;24
340;65700;1971;7182;9;921;22;25;29;17;24;24;27;16;30;21
341;63652;1998;7150;12;929;27;16;28;18;24;26;15;15;16;23
342;65902;1986;7154;14;929;23;29;29;17;16;26;28;15;21;28
343;64695;1956;7189;11;927;18;26;18;25;23;27;25;23;26;20
344;63959;2037;7116;9;928;16;18;22;24;28;24;25;21;27;27
345;64296;1984;7105;9;920;27;22;25;27;25;15;17;24;21;18
346;64300;1994;7154;11;929;26;16;20;15;22;25;30;27;27;26
347;63239;1959;7100;15;930;30;17;29;27;30;15;19;15;28;16
348;65963;1978;7101;14;926;20;17;21;26;24;22;30;28;26;18
349;63796;1973;7100;14;930;15;16;17;24;17;29;19;17;30;24
350;64243;2025;7128;9;926;30;29;27;27;22;23;29;22;25;27
351;65516;1974;7157;12;928;15;18;19;17;18;26;24;25;15;17
352;65695;1964;7102;11;923;25;27;15;21;28;27;29;26;23;19
353;63223;1977;7190;11;929;26;28;15;24;19;22;28;28;22;30
354;63002;1997;7118;9;921;30;21;16;16;28;28;20;27;24;30
355;65305;1957;7126;9;928;20;30;26;18;22;22;15;15;23;26
356;63128;2029;7127;10;929;25;24;18;23;17;21;20;15;24;15
357;65152;1972;7147;10;930;18;15;27;28;16;15;30;24;28;28
358;63112;2002;7108;12;920;15;20;30;26;28;22;29;19;20;15
359;63655;1975;7157;10;925;25;22;20;17;16;24;24;18;27;15
360;63809;2044;7191;15;927;21;28;16;30;29;21;20;28;15;17
361;64191;2028;7194;9;921;18;17;15;18;19;28;23;18;17;23
362;64161;2000;7176;12;926;25;24;30;24;23;18;17;22;22;29
363;64320;1955;7122;12;928;28;30;23;19;26;18;26;17;22;18
364;65661;1970;7181;14;922;27;19;17;27;26;23;27;29;15;29
365;64314;2035;7131;12;921;20;21;26;26;23;22;15;21;27;24
366;64265;1987;7105;10;924;22;30;24;17;30;23;25;23;22;22
367;63668;2049;7139;11;921;18;22;20;20;22;24;22;22;15;30
368;63501;2011;7105;13;920;22;24;27;30;28;15;18;20;19;25
369;63538;1962;7107;9;924;21;29;23;24;29;28;26;28;30;19
370;65376;1976;7181;13;925;27;30;22;22;19;16;29;24;26;16
371;65804;2021;7133;14;924;15;20;20;22;26;23;23;19;26;18
372;63865;2000;7175;10;928;24;18;22;23;17;22;15;16;22;18
373;63374;1991;7159;15;927;28;30;21;17;30;30;20;21;16;15
374;65013;1985;7192;15;927;18;28;30;25;22;26;23;19;22;16
375;63471;1991;7151;12;922;19;16;17;25;30;29;29;22;21;29
376;65468;2048;7130;15;923;22;22;25;30;30;16;19;27;26;25
377;65810;1968;7196;12;920;27;23;27;20;29;25;30;17;30;22
378;64829;1994;7161;10;925;28;27;29;24;29;20;28;23;19;25
379;63734;1960;7167;12;930;28;27;21;26;30;28;28;24;15;29
380;65547;2040;7185;10;927;19;22;19;22;18;15;23;28;29;18
381;63931;2011;7198;11;929;25;23;22;27;15;15;17;20;30;17
382;65622;1950;7115;10;930;28;25;25;15;22;19;17;27;23;24
383;64084;2026;7160;15;928;20;26;28;26;30;27;18;21;18;27
384;65742;2035;7157;11;924;16;26;29;19;23;25;21;23;20;28
385;64237;1954;7166;13;920;30;23;17;20;23;21;15;26;16;28
386;63534;1984;7103;14;920;28;17;20;19;26;16;19;23;23;17
387;63184;2028;7133;12;928;18;30;30;23;15;23;24;30;28;26
388;63100;1995;7155;13;930;23;17;17;25;21;17;19;17;21;17
389;65397;2044;7145;9;929;29;21;17;24;26;26;19;16;17;25
390;63057;2048;7164;10;930;17;16;21;17;30;22;15;24;15;25
391;65192;2042;7121;10;920;15;16;16;19;17;27;29;16;28;16
392;64315;1967;7176;12;930;22;18;18;28;19;25;17;25;30;17
393;63040;1988;7113;11;928;22;24;16;28;22;28;23;22;27;20
394;65167;1968;7171;15;921;29;22;15;29;18;21;23;18;16;29
395;64393;2035;7121;10;921;21;22;21;30;24;17;19;17;20;18
396;63396;2043;7187;15;924;16;24;17;17;26;25;24;23;27;16
397;63862;2027;7196;14;925;27;18;16;26;20;24;19;29;15;23
398;65574;2008;7198;15;922;22;21;21;28;22;26;17;23;17;19
399;64630;2005;7151;10;927;17;29;23;15;18;30;23;30;20;16
400;63030;1967;7113;13;920;17;19;22;22;30;15;18;20;15;30
401;65090;2027;7173;9;922;15;30;20;16;29;26;23;28;24;22
402;63907;2027;7181;14;925;27;19;26;15;24;16;16;28;18;21
403;63462;1974;7185;15;922;17;24;20;24;20;18;15;24;28;30
404;63143;2047;7118;11;924;29;23;15;15;24;17;18;23;15;24
405;65161;1957;7121;11;930;28;27;17;30;26;16;18;16;18;29
406;63755;2013;7113;10;927;15;25;26;20;27;24;21;30;29;19
407;63998;1983;7130;9;923;18;24;25;19;27;25;16;17;30;17
408;63757;1978;7115;12;925;28;29;21;19;16;26;23;15;19;20
409;65189;2011;7170;15;929;19;17;30;23;26;26;15;28;27;28
410;65461;2021;7155;9;925;27;23;15;22;18;18;20;28;28;23
411;64408;1970;7179;11;929;22;29;27;24;26;22;23;15;19;27
412;65720;2043;7185;9;920;26;25;21;19;22;21;19;19;21;17
413;63614;2014;7100;10;926;17;28;28;24;21;29;28;20;20;21
414;63609;1969;7111;10;921;29;29;21;30;22;21;26;28;21;19
415;64816;1991;7161;10;921;30;22;23;26;26;23;22;28;28;24
416;63874;2028;7138;10;926;17;15;29;16;16;15;23;21;21;20
417;64010;2040;7136;14;929;15;19;25;21;26;19;27;29;15;22
418;63289;1989;7173;12;922;25;17;17;15;18;25;15;21;22;23
419;64008;2024;7147;15;928;15;16;29;28;29;25;20;24;15;23
420;65734;2017;7155;11;923;24;25;23;16;21;16;25;18;25;15
421;64201;2019;7119;14;920;16;21;18;20;23;28;17;22;26;22
422;63196;2008;7161;14;925;16;26;24;30;27;27;28;20;15;25
423;65624;2013;7155;12;929;24;16;19;25;19;30;15;29;25;16
424;63738;1962;7153;12;920;23;22;26;21;20;28;15;30;29;29
425;63816;2035;7109;11;922;20;21;25;16;21;23;27;23;24;18
426;63347;1957;7122;12;924;25;25;15;17;17;21;16;26;22;28
427;64760;2002;7170;9;923;21;16;22;17;16;19;24;15;28;21
428;65751;2048;7136;12;930;30;29;22;20;26;28;19;29;18;30
429;64802;2017;7194;14;920;28;29;27;25;16;21;18;21;23;19
430;64230;2038;7162;15;925;20;22;19;29;16;24;21;17;29;25
431;63125;2037;7111;13;920;18;29;30;27;29;24;17;17;20;16
432;63810;2045;7159;10;924;30;22;17;19;26;27;17;18;26;23
433;64722;1956;7103;14;927;23;27;17;27;19;20;18;25;16;27
434;65378;1968;7112;10;920;25;15;22;15;23;17;22;29;21;20
435;65722;1956;7198;14;923;28;28;29;23;27;22;22;30;18;20
436;63868;1955;7164;10;925;30;20;16;26;22;18;17;25;24;21
437;63592;2019;7166;12;922;16;19;24;28;25;28;16;25;21;21
438;64109;1953;7148;9;924;16;21;15;28;23;22;24;27;29;21
439;63257;1974;7110;15;926;27;28;23;15;18;19;22;25;20;29
440;63692;1982;7170;12;928;27;29;18;18;30;26;22;30;19;17
441;65944;2008;7144;14;924;21;16;23;23;23;24;24;30;22;19
442;63158;2045;7157;12;921;19;18;25;23;18;19;24;20;16;26
443;63481;1960;7125;14;924;30;27;15;19;22;20;16;21;20;19
444;64606;1975;7138;13;923;27;20;23;21;21;19;16;27;20;15
445;64871;1981;7167;12;928;18;22;23;29;28;16;29;25;27;24
446;63034;1974;7143;12;928;23;19;27;26;28;17;15;20;27;29
447;64066;1967;7170;9;922;24;15;28;23;29;18;24;25;29;17
448;64113;2032;7163;12;922;18;17;19;21;17;27;20;18;30;28
449;63117;1985;7150;13;920;29;25;18;18;22;18;21;28;23;15
450;64141;1964;7150;12;922;19;30;15;27;17;19;18;18;27;15
451;63245;2045;7139;10;923;20;22;26;15;23;23;25;22;18;29
452;63901;1978;7119;11;926;17;30;30;19;20;29;24;19;29;18
453;65250;1983;7155;12;922;27;30;24;16;16;15;20;19;18;16
454;64015;1978;7178;13;922;24;18;22;25;18;30;23;25;21;21
455;65764;2012;7169;13;921;22;21;23;16;30;21;28;16;22;28
456;64810;1950;7127;10;921;29;20;28;27;19;27;16;16;30;21
457;63441;1967;7199;10;925;18;19;29;17;18;22;17;19;20;26
458;64170;1956;7151;15;921;25;21;24;26;16;24;20;15;19;29
459;63109;2025;7131;10;925;15;25;19;28;16;24;24;18;15;30
460;64493;2050;7107;15;923;20;17;19;15;29;22;15;15;22;24
461;65025;1989;7162;14;922;17;30;22;27;25;24;16;30;27;28
462;63728;1951;7146;12;921;26;16;16;20;24;28;17;23;28;16
463;63104;1969;7130;10;930;16;26;25;16;25;22;17;27;15;16
464;65712;1950;7127;11;930;19;22;26;25;16;22;20;26;18;16
465;63751;1958;7107;13;926;15;25;26;30;23;17;21;15;22;18
466;63330;2010;7116;14;930;25;15;21;21;18;27;24;16;30;28
467;65656;1965;7163;14;929;29;24;17;27;22;25;29;21;28;16
468;65357;2042;7100;9;921;29;15;23;20;27;28;22;28;16;26
469;65506;2049;7191;12;921;29;29;21;23;28;25;28;22;26;28
470;63585;2035;7121;11;930;15;27;28;24;27;17;15;27;28;23
471;65478;1957;7102;13;929;26;26;30;26;24;25;28;23;19;25
472;65392;2035;7145;12;922;17;21;23;15;25;21;26;27;21;30
473;63312;1955;7184;10;930;30;27;22;28;19;27;25;18;21;21
474;64547;2023;7136;10;923;29;24;27;16;29;30;16;27;26;25
475;65284;2026;7143;9;922;25;19;29;19;28;19;21;25;16;19
476;64929;1959;7124;12;922;25;16;28;21;29;20;30;15;22;15
477;65189;2039;7143;10;921;17;22;18;17;24;26;20;16;16;22
478;63122;2024;7149;15;929;19;18;23;18;20;24;28;29;24;23
479;63637;1990;7127;13;928;30;26;21;30;24;22;19;27;19;28
480;63067;2028;7175;11;928;21;17;26;19;20;29;16;28;18;28
481;63154;1961;7191;15;920;20;26;20;18;27;21;25;19;26;26
482;65222;2018;7179;15;925;18;19;23;24;20;24;22;30;23;21
483;64402;1973;7138;10;921;18;30;28;23;28;25;23;27;17;19
484;64938;1986;7189;9;930;17;24;16;19;30;27;19;15;19;22
485;64838;1993;7200;11;928;23;17;29;27;28;15;28;21;22;29
486;65914;2027;7156;10;921;15;17;30;23;22;29;19;22;27;17
487;65924;2041;7174;13;930;27;23;25;15;28;18;18;22;17;20
488;63756;2005;7171;9;926;17;27;28;19;16;23;21;16;24;17
489;64943;2033;7145;14;922;17;15;21;29;27;20;26;29;15;27
490;65774;1977;7108;12;929;17;15;17;19;20;30;15;18;24;29
491;65948;1957;7131;9;923;15;23;30;15;25;25;22;17;20;23
492;64817;1951;7106;10;923;21;21;17;20;23;29;22;22;22;24
493;64230;2049;7172;13;920;22;22;24;20;17;24;28;19;15;27
494;64665;2018;7131;15;930;17;18;15;16;15;18;20;28;27;28
495;65076;1969;7166;11;927;28;24;23;25;24;18;16;18;17;27
496;65660;2039;7153;12;924;17;26;28;24;21;20;29;20;19;19
497;64306;1970;7168;12;928;21;22;17;25;22;22;22;29;30;17
498;63212;1967;7187;10;921;15;23;28;23;18;30;16;30;21;15
499;65823;2049;7180;14;930;19;22;17;18;20;20;17;15;20;26
500;65258;1966;7135;13;922;15;23;17;27;16;24;18;30;22;17
501;63698;2034;7192;11;923;19;27;23;26;23;22;20;20;15;26
502;64886;2022;7144;15;928;24;29;28;26;23;24;22;19;29;26
503;63008;2046;7110;10;926;17;20;21;17;15;28;25;25;24;23
504;65183;2027;7160;13;925;22;30;27;19;17;20;30;17;27;21
505;65026;2049;7194;10;920;15;24;30;15;22;25;27;15;28;27
506;63396;1988;7123;12;924;27;21;21;30;16;20;26;27;17;15
507;63088;2028;7113;11;928;21;15;30;22;15;28;25;20;27;15
508;64691;1970;7130;9;926;22;23;29;30;18;15;15;28;27;15
509;64553;2002;7138;14;928;21;30;29;16;23;19;27;28;26;23
510;63536;2050;7169;15;922;30;15;16;21;29;30;22;17;18;26
511;64299;2019;7154;12;928;28;16;16;30;24;17;30;17;27;29
512;64597;2039;7161;11;920;16;18;26;26;25;17;27;30;20;17
513;64553;2027;7200;13;929;17;27;15;23;28;19;24;17;16;19
514;63695;2025;7175;12;930;26;19;16;18;28;21;28;16;17;23
515;65822;1979;7172;14;928;17;21;26;27;29;19;16;16;24;23
516;63794;2046;7163;14;923;15;22;29;17;23;22;22;25;27;20
517;64296;2023;7131;11;929;28;22;21;18;22;19;26;29;27;24
518;64787;2032;7155;14;923;26;18;19;29;30;15;26;23;22;30
519;65258;2037;7128;13;930;25;16;23;19;20;30;27;23;30;17
520;65265;2018;7142;13;923;21;25;26;19;22;15;20;17;20;20
521;64907;2009;7113;10;927;29;25;15;26;27;28;28;25;18;27
522;64111;2014;7187;10;926;29;23;28;29;22;24;20;20;28;17
523;65944;1968;7142;13;920;25;17;23;18;15;27;27;27;15;24
524;63656;1981;7116;9;929;16;24;21;27;21;21;22;22;27;17
525;64633;1982;7196;13;927;15;26;25;26;16;25;26;26;23;27
526;63938;1970;7132;10;929;16;22;15;28;17;22;25;30;27;17
527;64170;2025;7122;10;923;27;19;23;17;28;26;22;24;30;26
528;63881;1999;7143;11;929;30;15;23;24;23;27;24;30;26;28
529;63501;1987;7183;10;926;18;26;17;29;18;15;29;17;17;23
530;65459;1966;7179;9;921;25;26;21;26;15;15;23;21;20;16
531;64834;2049;7194;11;925;25;24;20;29;30;23;16;27;16;18
532;64066;1952;7181;11;926;30;21;15;24;20;30;22;22;19;16
533;64442;2042;7147;14;928;16;22;27;28;28;17;15;28;28;30
534;65346;2009;7151;12;922;20;25;26;21;25;16;24;19;23;28
535;65692;1972;7194;14;926;20;18;21;23;23;30;29;30;30;16
536;65267;1987;7111;9;927;15;20;19;22;30;25;25;24;28;29
537;65607;1979;7169;12;920;28;23;28;26;19;22;15;22;21;30
538;64268;2029;7162;12;921;18;28;16;30;26;20;27;19;23;16
539;64251;1993;7197;11;922;27;26;17;15;24;22;26;25;17;18
540;65587;2017;7162;12;921;25;26;27;15;17;25;21;23;19;18
541;65239;2014;7196;11;923;21;25;16;20;22;20;23;27;26;18
542;65761;1999;7104;15;924;22;20;25;17;19;22;27;23;28;20
543;63194;1990;7132;11;922;30;30;19;29;18;28;30;23;21;20
544;65137;2010;7136;11;930;16;27;30;27;19;27;26;25;25;17
545;64309;2022;7174;9;928;15;22;28;23;27;23;17;25;24;18
546;64407;1959;7151;10;929;23;22;20;23;29;17;18;28;29;27
547;64994;2032;7129;10;929;22;19;18;15;22;23;29;25;16;21
548;64748;2043;7148;14;926;27;16;15;20;21;29;15;20;29;18
549;63089;2049;7115;9;930;26;29;30;15;23;22;19;25;24;17
550;64989;1993;7158;14;925;21;19;27;18;19;26;23;17;29;17
551;63869;2009;7149;10;929;30;28;15;25;15;28;15;18;18;20
552;64417;1974;7152;11;925;20;22;17;23;23;26;24;23;22;15
553;65651;2007;7124;13;924;20;22;23;15;25;27;16;23;27;18
554;65154;2039;7173;14;921;27;20;28;27;24;26;23;22;18;16
555;65450;1951;7160;11;922;24;18;24;18;27;21;28;27;26;23
556;63052;2015;7125;14;925;20;16;25;24;29;25;17;26;26;15
557;63015;1983;7135;10;927;25;22;26;21;20;18;30;15;30;18
558;65422;1965;7188;15;926;22;22;18;16;17;26;28;24;24;20
559;65090;1960;7117;10;925;15;17;25;17;19;17;22;23;29;27
560;64115;2040;7197;12;928;17;30;29;23;28;15;17;21;15;30
561;65418;2000;7166;14;920;23;25;30;27;30;20;27;15;16;16
562;63330;2001;7153;13;929;15;23;15;19;20;25;30;20;15;30
563;64808;1961;7145;10;930;23;15;15;25;20;18;18;17;17;21
564;64598;1958;7118;9;929;25;30;23;28;22;24;29;17;18;19
565;64473;2007;7115;14;921;20;15;19;15;30;21;15;23;19;15
566;63242;2006;7140;13;920;23;29;23;20;20;21;27;25;28;18
567;65664;1998;7156;15;923;24;23;28;25;21;24;26;23;25;26
568;65640;2009;7136;13;921;26;20;20;27;17;15;20;26;19;16
569;64808;1990;7162;14;930;15;18;24;15;27;15;22;18;20;18
570;64244;1962;7143;10;924;23;21;29;26;26;23;27;17;20;26
571;65512;1999;7190;11;929;15;18;26;22;18;22;20;29;17;29
572;65634;2048;7189;11;923;21;21;25;29;20;17;21;19;24;23
573;64110;1967;7193;13;924;17;20;29;26;28;30;15;27;27;23
574;63491;2030;7197;13;927;18;29;26;19;16;21;18;17;18;25
575;63274;1995;7126;14;929;26;15;19;22;28;25;22;22;30;28
576;65711;2046;7176;12;928;16;25;17;18;29;21;19;28;27;28
577;63858;1994;7172;11;929;28;18;19;28;22;23;27;26;26;30
578;63704;2024;7191;9;927;21;21;16;23;28;21;27;20;21;16
579;65005;2041;7166;14;921;25;21;20;15;15;20;29;29;21;26
580;65116;2043;7132;12;927;20;24;18;20;23;15;17;15;21;30
581;65675;1965;7126;13;922;15;25;30;18;19;20;28;15;27;24
582;65650;1972;7140;11;927;26;29;19;30;27;19;23;28;22;29
583;64984;1998;7143;13;923;24;30;27;20;15;21;17;16;27;22
584;65031;1963;7188;12;928;28;29;20;27;29;24;17;22;27;16
585;63159;2038;7179;13;924;22;17;18;24;20;16;15;28;29;23
586;65632;2036;7149;10;927;23;29;25;29;23;27;17;19;28;15
587;64258;1950;7190;13;927;28;20;26;19;26;20;26;19;20;30
588;65674;1983;7152;9;930;27;20;26;18;19;30;23;27;25;27
589;64941;2016;7151;15;921;30;25;26;28;25;25;27;30;17;16
590;64299;1975;7138;11;928;29;27;22;15;15;17;29;21;27;28
591;65383;1986;7106;11;924;29;15;24;17;25;23;21;19;26;28
592;65401;2050;7185;14;930;17;29;19;16;22;27;29;18;26;29
593;63220;2033;7116;15;920;16;17;29;28;21;30;23;24;18;15
594;63118;2041;7129;10;923;20;17;17;26;28;23;25;23;15;17
595;65520;2036;7135;14;928;16;29;15;28;21;28;25;29;25;24
596;65988;2007;7190;12;920;21;29;30;28;28;16;22;23;17;16
597;64762;1985;7197;13;922;25;23;23;20;22;18;19;24;18;30
598;65947;2046;7125;9;930;20;23;16;29;28;20;17;25;17;27
599;65885;1986;7193;12;924;28;20;28;20;17;15;27;21;17;18
600;64053;1987;7161;11;929;15;23;17;30;19;15;30;25;30;15
601;65814;1985;7169;10;928;21;19;28;27;18;19;27;23;22;15
602;65142;2024;7105;9;927;21;30;23;16;17;20;20;25;18;30
603;64194;1985;7134;11;928;19;18;29;17;26;18;18;23;26;19
604;64475;2037;7123;12;920;22;19;19;28;26;19;19;26;20;29
605;63178;2010;7178;10;923;19;29;16;27;20;18;29;24;18;15
606;65091;1998;7135;9;929;25;21;30;28;15;15;17;28;20;17
607;63922;2007;7172;13;923;28;23;15;23;15;29;28;25;27;15
608;64798;1973;7174;9;921;28;24;21;18;19;24;18;24;26;27
609;64880;2048;7134;13;930;30;30;19;23;29;20;23;21;20;24
610;65231;2008;7200;11;922;17;29;24;23;15;24;22;27;30;16
611;64736;2029;7152;9;930;30;28;28;16;22;18;22;19;19;26
612;63508;1961;7129;12;924;17;23;17;15;16;30;22;23;19;15
613;64980;2034;7167;15;926;27;25;28;15;29;30;21;26;18;23
614;63085;2047;7171;13;927;28;18;16;21;27;29;26;26;20;29
615;64623;1957;7124;9;923;27;27;29;19;17;19;22;24;30;22
616;64286;2018;7176;9;925;30;25;25;27;22;30;27;22;19;26
617;65612;2041;7181;15;924;29;26;24;26;26;28;16;27;24;29
618;64115;1965;7149;12;926;23;18;20;18;19;26;26;30;22;18
619;63672;1966;7160;12;923;30;17;23;23;17;19;24;22;25;22
620;63660;2041;7113;12;924;22;20;24;19;26;21;18;17;25;25
621;64025;1974;7157;11;924;28;27;25;26;22;21;22;28;29;23
622;63383;1975;7114;9;927;24;23;30;20;17;22;27;17;28;18
623;64860;1965;7181;14;926;15;18;19;23;25;22;23;16;27;16
624;63721;2025;7192;13;926;28;17;26;22;25;23;26;26;23;27
625;64990;2023;7160;13;924;18;30;27;23;28;30;17;23;21;18
626;65134;1992;7101;10;930;28;26;28;24;15;17;16;30;28;21
627;65520;2009;7160;15;926;22;21;19;15;28;27;29;17;19;18
628;63199;1975;7159;13;925;17;20;28;22;21;21;22;18;25;30
629;64052;2011;7191;14;923;15;25;22;23;15;29;27;26;17;29
630;63978;1977;7115;14;929;24;17;24;26;23;28;22;26;28;20
631;64859;2038;7144;14;920;21;21;18;23;24;28;24;24;15;29
632;64816;1999;7115;11;922;27;18;30;17;16;18;15;27;16;24
633;65928;1960;7162;12;924;22;26;23;28;20;16;21;26;15;30
634;63941;2000;7185;15;922;30;19;16;29;20;23;30;21;27;15
635;65660;1998;7141;12;920;22;17;22;28;17;23;24;30;20;27
636;64955;2006;7185;14;923;21;22;18;28;25;28;28;29;26;27
637;63881;2045;7178;15;920;23;17;20;28;26;26;30;17;25;19
638;63784;1967;7100;12;921;22;19;24;22;20;23;15;17;26;21
639;65055;2042;7134;14;922;19;22;21;21;25;16;28;20;30;26
640;63948;1956;7140;11;923;23;18;17;15;24;15;23;17;29;29
641;64698;2050;7156;13;928;22;16;22;20;21;23;30;25;18;29
642;64077;1964;7100;9;928;30;25;28;30;16;27;25;20;24;27
643;65803;1958;7122;12;928;19;25;23;18;20;27;30;30;20;25
644;64360;2019;7104;14;924;24;17;26;26;16;23;22;19;21;30
645;64893;1958;7136;13;920;22;19;20;20;23;21;27;29;21;16
646;63710;2025;7151;9;923;26;29;29;20;17;18;26;15;24;19
647;63968;2002;7158;12;921;23;29;17;27;25;30;15;23;24;22
648;63715;2023;7193;10;920;17;26;23;15;18;29;25;27;22;26
649;65116;1999;7130;15;928;16;15;19;18;23;21;22;16;15;21
650;65791;1993;7114;9;921;18;20;26;25;20;23;20;19;20;15
651;64691;1991;7153;13;924;20;24;24;19;15;21;16;26;15;28
652;63670;1994;7119;9;921;28;16;22;23;23;25;22;21;16;24
653;63367;2006;7174;9;925;17;20;23;15;20;16;30;15;19;16
654;64047;1981;7121;15;927;24;29;28;17;21;15;25;18;16;30
655;64613;1993;7113;10;927;24;23;29;21;26;27;16;28;28;20
656;63151;1997;7139;13;920;21;15;15;27;24;25;28;17;30;23
657;65475;2025;7157;9;926;28;18;23;23;26;27;29;15;16;19
658;63437;2030;7198;13;928;16;28;18;27;15;16;24;26;29;24
659;63853;1962;7108;11;922;22;17;19;28;22;26;30;15;25;30
660;64589;2045;7171;12;920;18;16;23;18;18;28;27;17;22;19
661;65986;1989;7188;11;929;17;19;23;16;24;30;22;30;28;30
662;64016;2020;7150;9;924;17;29;26;28;16;17;22;27;20;25
663;64384;2026;7153;13;926;20;19;30;26;24;27;19;17;19;20
664;63603;2037;7126;12;929;30;17;23;25;18;27;20;25;28;15
665;63620;1976;7177;13;928;30;24;16;24;15;30;18;21;28;22
666;64828;2021;7136;13;926;20;15;26;22;21;23;18;23;25;15
667;64716;2043;7134;14;924;20;22;17;21;21;28;19;22;17;27
668;65465;1950;7178;10;927;27;28;21;26;30;29;19;26;17;17
669;63531;2004;7119;10;923;28;20;20;16;16;23;28;27;15;28
670;63464;1985;7183;10;930;26;24;26;23;18;24;28;17;29;30
671;64888;1974;7190;11;920;24;27;20;18;16;24;29;28;17;30
672;63210;1980;7188;12;922;25;27;17;21;22;18;18;19;25;16
673;65928;1990;7106;9;920;22;25;24;27;23;19;23;17;19;27
674;64292;2031;7160;15;922;19;25;23;16;23;25;26;28;28;24
675;64575;2003;7136;15;926;20;27;15;22;27;24;26;26;18;30
676;63431;1997;7102;9;926;18;22;24;25;23;21;17;24;25;22
677;65560;1978;7189;11;929;21;18;28;18;29;23;19;23;27;26
678;64844;2028;7180;9;929;17;16;20;20;21;23;15;23;17;28
679;65729;1969;7157;13;929;25;29;19;24;17;26;29;17;26;16
680;63155;2013;7119;14;924;28;17;23;22;22;25;22;17;24;17
681;63429;2042;7136;9;927;30;27;28;23;18;25;19;17;19;15
682;65923;2021;7154;10;924;17;28;22;25;20;16;28;27;20;21
683;65935;2000;7135;12;923;25;26;24;28;20;27;21;15;27;16
684;65797;2012;7103;11;930;26;29;30;24;17;29;24;15;27;25
685;64918;2006;7173;14;929;22;28;24;17;17;16;22;27;25;19
686;65333;2012;7127;14;927;30;20;18;23;15;23;15;25;15;24
687;65819;2027;7143;12;923;22;20;30;21;23;18;17;17;18;16
688;65047;2037;7185;15;930;22;26;15;20;27;17;22;23;18;20
689;64151;2047;7106;15;929;24;16;22;21;16;27;28;27;19;25
690;63990;2000;7119;13;924;17;20;19;23;15;18;27;20;29;20
691;63596;2032;7191;12;930;22;20;23;19;30;23;20;26;18;19
692;64732;2017;7119;15;925;17;26;16;22;21;22;25;16;22;15
693;65730;2002;7131;10;929;24;20;17;28;26;29;27;24;28;17
694;64329;1950;7162;12;921;16;17;29;18;17;21;20;26;26;30
695;63366;2012;7148;14;928;26;25;22;19;18;18;29;28;23;29
696;65948;2046;7163;12;920;25;29;27;21;18;25;30;23;19;24
697;63910;2026;7178;14;926;19;16;24;26;20;30;24;28;23;24
698;64891;1964;7125;10;923;27;18;15;16;24;16;25;15;26;28
699;64021;1979;7104;12;924;23;16;28;29;18;17;15;15;30;18
700;63623;2003;7150;15;926;17;26;28;16;19;24;16;15;20;17
701;63591;2023;7196;11;923;15;16;20;29;22;23;20;29;22;23
702;65452;2037;7117;10;923;29;17;29;26;17;23;22;29;18;25
703;64588;2039;7131;14;927;21;21;20;25;18;27;29;15;26;29
704;63110;2000;7150;10;930;15;22;15;29;24;18;15;23;23;18
705;63131;1979;7107;11;927;17;16;15;28;27;18;15;18;23;30
706;64246;2033;7194;14;921;18;15;29;18;22;20;16;24;20;24
707;64047;2020;7111;13;926;30;23;23;29;27;15;23;29;15;26
708;65071;2038;7141;14;929;19;20;17;18;18;17;20;29;16;28
709;65498;1986;7107;15;926;16;28;24;23;25;22;17;19;24;30
710;63528;1975;7110;9;923;25;17;16;17;24;21;22;15;18;17
711;63524;1962;7181;10;929;25;21;18;15;21;28;17;22;23;23
712;63453;2003;7175;13;926;25;25;22;18;19;30;27;18;26;30
713;65775;1968;7161;10;923;16;22;24;30;18;16;29;21;28;18
714;64757;2044;7138;14;925;16;23;15;15;24;19;25;29;24;22
715;65544;1984;7176;13;926;20;19;19;29;30;28;28;28;28;22
716;63324;2049;7133;10;923;21;17;16;30;30;30;25;17;27;28
717;65136;1992;7180;15;923;28;15;18;16;21;28;21;22;23;28
718;63717;1961;7175;10;923;15;25;18;24;26;23;26;30;22;27
719;63734;1997;7183;12;930;19;30;16;23;30;18;29;28;19;16
720;65291;2007;7128;14;928;20;26;23;25;23;15;23;24;29;21
721;63955;2046;7158;11;921;18;22;21;26;18;24;18;18;23;25
722;63706;2011;7164;11;928;26;25;15;26;28;23;22;28;19;30
723;63270;1976;7185;11;925;21;24;26;16;23;18;16;19;29;19
724;63279;2004;7113;11;928;23;25;16;28;17;23;22;23;29;20
725;64653;2040;7193;10;924;16;21;30;15;18;26;16;19;30;19
726;63374;1960;7110;15;930;16;28;16;30;21;27;23;18;23;23
727;64288;2038;7146;13;929;25;25;18;25;30;28;20;17;28;29
728;65745;1955;7192;15;925;28;24;20;20;16;19;30;20;29;25
729;65777;1955;7134;13;930;21;30;27;24;25;19;21;16;26;27
730;63558;1956;7147;14;920;25;30;26;25;25;16;26;24;15;29
731;65671;2000;7138;12;920;16;22;26;18;15;30;27;27;16;20
732;63763;2036;7138;13;922;27;20;21;24;30;30;18;25;16;17
733;64189;1967;7111;13;925;18;22;16;15;25;27;21;30;15;26
734;63517;1956;7131;9;922;29;18;27;30;25;21;23;17;20;29
735;65278;2041;7108;15;927;28;17;20;30;20;15;27;16;23;26
736;65043;2002;7106;12;923;29;17;25;28;22;28;23;28;26;17
737;63441;2004;7196;14;920;30;15;29;20;16;17;21;21;20;21
738;65039;1981;7140;14;921;17;24;23;22;26;16;17;20;26;16
739;65285;1986;7177;14;927;22;16;25;16;21;21;24;16;24;25
740;64613;1958;7169;15;928;19;21;26;28;27;18;28;27;20;24
741;65771;1993;7144;9;928;29;20;15;23;25;20;15;18;26;21
742;65254;1998;7147;15;922;29;16;27;27;30;29;16;29;29;23
743;64675;2026;7180;10;927;20;30;19;18;26;17;28;19;15;22
744;63717;2013;7107;13;920;15;30;27;21;17;30;26;22;27;15
745;65111;2014;7141;11;924;27;27;25;25;20;23;30;16;15;15
746;63808;2044;7192;9;925;15;23;21;15;21;27;17;17;26;20
747;65021;2019;7156;12;927;27;30;25;16;21;22;27;18;29;25
748;64129;1987;7169;14;928;23;25;18;18;27;18;27;23;30;30
749;65708;1983;7171;10;926;25;25;30;25;28;27;28;22;30;30
750;64717;2027;7113;15;929;24;19;21;16;25;17;28;21;29;19
751;64937;1983;7103;13;929;25;16;16;29;23;15;15;22;21;29
752;63182;2044;7112;13;928;23;25;21;22;19;21;27;16;15;22
753;63408;1962;7119;12;920;28;20;25;20;27;25;18;30;19;28
754;64153;2027;7176;9;921;27;21;23;30;28;24;29;27;27;20
755;65098;1978;7147;11;923;23;30;28;27;28;28;17;15;24;27
756;65826;1996;7200;15;922;19;23;22;15;21;18;29;27;29;18
757;65446;2038;7145;14;921;24;26;20;16;27;20;28;29;30;19
758;63963;2005;7136;10;929;19;24;25;19;28;17;24;29;16;16
759;64122;2022;7165;14;920;17;19;21;21;30;22;23;16;19;16
760;63967;1957;7109;13;925;21;22;15;28;18;19;17;21;22;25
761;64196;2022;7138;14;930;27;23;17;30;29;17;20;21;27;22
762;64297;2041;7129;10;926;23;26;17;24;26;18;24;22;16;19
763;65926;2028;7161;12;923;19;21;20;26;27;29;18;25;21;20
764;63071;1972;7124;14;924;15;22;23;16;26;19;30;16;26;24
765;63161;2005;7195;14;930;26;28;24;17;15;19;30;21;26;21
766;64974;2049;7198;12;929;15;26;20;19;15;17;16;24;15;26
767;64135;2002;7174;10;920;29;29;27;22;26;28;25;27;26;20
768;64021;2000;7112;14;923;17;22;29;23;19;15;18;19;24;27
769;65426;1952;7172;10;925;18;21;24;26;20;28;28;20;27;18
770;65851;2045;7100;13;921;29;23;23;15;23;27;29;19;23;27
771;65684;1965;7103;9;925;21;29;17;28;21;17;21;15;28;30
772;64467;2039;7126;15;928;22;20;23;22;19;17;23;29;18;15
773;64349;1970;7150;9;923;19;26;25;24;19;21;16;24;28;25
774;64234;1994;7173;12;921;16;25;29;17;29;30;22;24;30;16
775;64367;1950;7130;11;920;18;17;22;26;21;24;17;19;30;29
776;64347;2042;7174;15;925;17;19;22;24;24;16;19;18;20;18
777;63253;1954;7159;15;922;29;28;28;27;17;25;26;26;27;18
778;64085;2011;7150;10;923;19;24;20;18;30;23;28;22;27;26
779;63018;1995;7121;9;920;23;17;18;17;24;28;24;17;23;23
780;64188;1987;7122;12;923;22;27;18;26;30;24;16;24;22;28
781;64604;2046;7119;12;922;22;30;29;19;18;29;27;17;24;29
782;65205;2045;7114;10;928;16;29;20;19;28;22;21;27;16;15
783;63716;2007;7181;12;930;28;18;17;19;19;23;17;30;20;21
784;65937;1960;7189;11;924;23;21;15;27;15;28;20;22;29;19
785;63756;1981;7112;12;925;30;20;22;21;19;30;17;23;25;29
786;65838;1966;7153;11;928;25;24;28;29;18;27;21;17;22;23
787;63630;1982;7170;11;922;15;28;21;19;21;24;20;18;29;25
788;63140;2018;7109;9;920;24;26;19;30;26;19;29;28;22;29
789;63719;2034;7134;15;922;18;28;16;30;23;17;29;30;15;24
790;65880;2049;7167;9;930;23;28;19;16;18;29;15;28;19;16
791;63343;1976;7163;13;925;16;21;19;29;23;21;28;17;29;29
792;64921;2032;7167;11;927;29;15;20;28;17;20;25;23;15;16
793;65960;1999;7156;10;929;30;26;26;19;30;19;20;27;30;17
794;63729;2021;7115;14;923;28;17;30;18;18;24;25;29;16;24
795;63181;1987;7196;11;929;22;22;21;23;24;29;20;30;25;25
796;65247;1995;7126;13;920;26;24;24;16;28;24;16;20;25;19
797;63648;2031;7173;11;926;25;19;24;27;27;23;15;18;20;17
798;63881;2012;7183;15;925;17;16;27;15;22;25;23;16;27;17
799;64210;1982;7167;15;925;21;30;20;23;30;22;22;29;21;21
800;64550;2028;7160;14;930;17;25;18;25;27;26;23;22;17;27
801;64410;1965;7139;10;922;25;29;20;22;28;22;25;22;30;30
802;64520;2032;7121;15;930;19;22;15;19;21;21;25;26;17;19
803;64777;2028;7109;11;922;19;29;29;30;27;15;27;20;29;29
804;63003;2043;7138;12;930;22;26;27;20;23;28;27;19;24;25
805;63490;1988;7127;14;924;30;21;27;23;30;16;20;24;19;21
806;65761;2012;7138;9;928;29;22;25;30;17;26;23;29;22;17
807;64946;2029;7191;12;921;24;29;27;23;16;16;30;22;19;19
808;64529;2003;7156;15;929;21;29;18;28;24;23;26;29;29;24
809;65086;2003;7156;14;925;18;16;26;20;22;23;23;19;15;17
810;65869;2018;7106;13;922;24;15;21;28;23;16;27;28;20;28
811;64699;2004;7171;14;927;24;17;18;30;15;17;16;25;25;28
812;65398;2032;7159;9;926;30;16;26;24;19;21;16;29;17;22
813;64272;1999;7148;14;927;20;23;20;29;25;30;19;16;21;16
814;63394;2045;7130;13;923;29;25;19;17;27;18;15;15;23;22
815;63132;1979;7150;10;921;18;24;17;21;18;20;30;21;22;24
816;64212;1964;7195;14;923;30;27;18;21;15;15;24;23;18;26
817;64175;2032;7165;10;930;26;18;29;25;22;27;30;29;16;15
818;65809;2003;7120;15;920;24;23;16;19;30;18;29;24;26;24
819;65024;1982;7199;13;921;16;29;17;15;20;30;24;23;17;20
820;63313;2048;7156;11;927;17;29;22;25;23;19;23;20;18;20
821;63224;2003;7196;12;927;16;16;25;24;28;21;25;24;15;17
822;65857;1992;7147;9;926;21;17;25;30;25;25;18;28;27;30
823;63063;2017;7137;15;928;20;27;25;25;18;25;26;27;28;18
824;64418;1970;7120;15;926;15;16;26;27;22;15;28;25;19;16
825;65312;2001;7104;15;927;30;26;17;20;24;25;26;21;18;28
826;65969;1994;7117;15;920;23;21;16;18;15;21;30;18;29;18
827;64745;2049;7151;15;927;28;17;21;23;17;30;21;19;19;26
828;64887;2033;7173;14;927;20;25;15;15;30;22;29;27;28;20
829;64953;2015;7199;14;924;30;21;16;24;25;15;29;23;25;30
830;65558;2032;7187;9;924;16;20;30;21;20;29;23;21;16;19
831;63990;1965;7127;9;922;24;28;19;30;30;18;18;25;30;28
832;63704;2034;7113;14;920;15;16;26;23;20;28;23;25;26;19
833;65023;2016;7105;10;925;29;21;20;23;24;29;22;28;22;17
834;65810;1959;7113;12;922;23;18;24;24;25;27;17;29;30;17
835;64300;2037;7101;9;924;21;21;16;22;19;27;24;25;27;23
836;64183;2015;7192;12;929;29;27;30;28;17;20;21;25;15;23
837;64743;2020;7144;14;928;20;18;22;17;23;19;16;15;17;22
838;63479;1951;7123;15;926;17;29;27;20;20;18;24;28;17;24
839;63038;1958;7191;10;924;27;22;15;18;25;24;20;24;23;23
840;63713;2010;7194;13;927;18;26;25;26;16;24;18;15;26;24
841;64860;2023;7120;15;923;29;27;23;15;29;26;19;16;26;21
842;65147;2047;7167;15;929;17;19;25;18;23;25;28;28;23;22
843;65424;1982;7177;9;926;16;17;20;22;28;22;25;23;21;18
844;63201;1966;7125;11;920;22;17;29;21;15;18;21;30;29;29
845;65156;1985;7126;11;926;23;16;21;28;23;29;20;24;16;27
846;63783;2039;7170;14;928;28;15;16;21;25;18;26;19;23;19
847;64736;2000;7173;15;930;24;16;30;17;20;29;28;15;16;19
848;65252;2019;7197;11;924;25;30;27;23;25;17;22;18;29;27
849;64353;1951;7200;11;928;30;29;24;16;30;27;30;15;26;19
850;63677;1958;7123;11;922;29;15;16;24;16;25;17;24;18;25
851;64040;2040;7119;13;922;20;21;22;26;17;25;21;25;23;15
852;64098;1993;7179;12;927;16;22;20;20;28;27;21;22;22;26
853;64854;1984;7134;12;927;26;15;20;21;24;18;21;26;27;16
854;65350;1974;7124;10;926;22;18;29;23;23;23;22;24;18;24
855;63548;2020;7186;9;921;24;23;25;26;19;15;15;16;23;16
856;65230;1950;7108;9;929;22;17;25;20;21;23;23;21;27;30
857;64178;2049;7150;12;930;15;17;21;27;27;25;16;23;26;27
858;63350;2048;7175;10;922;25;19;19;22;18;19;24;17;18;23
859;65558;1981;7161;13;920;29;19;17;18;28;28;22;23;25;17
860;65324;2033;7151;13;923;29;19;15;24;15;24;28;26;18;15
861;64518;2044;7191;15;926;20;22;22;20;27;28;23;24;25;22
862;63903;1956;7144;10;927;21;24;22;29;15;15;26;21;19;29
863;65115;1986;7173;13;925;23;30;21;26;16;16;28;22;24;28
864;65253;2046;7186;15;924;17;24;15;20;22;26;27;20;30;20
865;64021;2021;7173;15;930;15;30;26;25;26;17;20;16;21;28
866;64449;2032;7125;12;929;25;22;24;24;15;28;23;16;28;16
867;64354;1976;7153;9;921;22;24;16;16;15;19;19;27;20;15
868;64025;2017;7104;9;930;29;25;28;23;22;23;15;19;23;25
869;64356;2001;7172;10;924;20;26;26;15;18;20;16;16;16;25
870;63267;2027;7195;10;925;18;20;20;29;26;30;17;16;21;26
871;65820;2021;7199;11;929;26;25;23;29;19;23;19;15;17;19
872;63535;2006;7126;11;923;19;25;22;15;18;17;30;21;24;15
873;63471;1954;7183;12;929;22;27;22;15;24;23;24;19;18;15
874;64164;2004;7162;11;920;18;17;21;30;17;17;29;20;17;25
875;65640;1953;7162;12;922;19;22;21;22;27;24;19;26;15;24
876;63864;2045;7185;15;930;28;25;17;26;24;22;17;22;27;18
877;63531;2029;7140;13;920;19;17;22;16;17;21;27;19;21;17
878;64202;2042;7172;15;925;30;25;23;15;18;18;18;17;27;17
879;63021;2028;7127;14;930;22;27;19;17;20;21;29;21;21;20
880;64345;2037;7133;10;929;21;29;24;27;25;30;29;16;25;27
881;64403;2036;7173;12;926;25;20;16;15;18;21;15;21;28;15
882;65277;2045;7167;13;920;23;29;16;29;25;16;19;18;16;26
883;65213;2024;7150;13;921;20;26;19;29;25;26;16;18;21;15
884;64460;2018;7121;10;920;27;26;22;18;20;21;15;18;27;20
885;63833;1973;7182;13;930;15;25;30;30;27;29;23;25;22;30
886;65430;1983;7158;14;921;29;19;30;25;30;17;19;26;27;25
887;63536;1990;7133;15;926;24;30;23;18;21;21;20;17;19;15
888;64500;1959;7133;15;925;17;30;23;19;19;21;27;26;22;28
889;63770;2050;7120;9;929;22;18;21;29;23;21;25;21;18;20
890;64050;1960;7119;11;928;26;21;18;15;30;21;27;26;19;27
891;65509;1998;7183;9;925;16;19;28;26;18;19;17;20;22;25
892;65187;1987;7146;10;929;18;18;16;22;21;30;20;19;23;24
893;65412;2019;7144;10;922;28;18;23;20;30;20;30;27;17;27
894;64206;2049;7157;12;927;19;22;25;23;20;17;16;21;20;17
895;64078;2034;7106;14;922;28;30;20;30;30;22;22;18;15;16
896;63831;2016;7106;9;928;30;19;22;27;27;25;21;18;21;16
897;65069;2000;7181;12;929;24;28;17;15;17;27;24;25;16;28
898;64986;1999;7157;15;922;25;16;24;16;17;24;15;16;20;26
899;64220;2040;7171;11;928;29;26;27;27;16;17;19;18;20;25
900;63603;1989;7119;12;924;21;25;18;21;29;30;16;26;22;19
901;63924;2000;7116;9;922;26;25;27;28;18;25;18;23;27;18
902;63020;1967;7115;11;922;23;21;21;28;20;16;26;16;18;25
903;64054;2010;7125;10;927;20;23;25;23;24;29;15;26;17;20
904;64106;2045;7117;12;921;23;21;18;27;26;22;29;26;30;27
905;65617;2018;7140;10;925;18;30;26;19;19;18;27;26;25;20
906;63410;2008;7160;13;921;19;15;28;20;20;30;16;21;30;21
907;65707;2036;7119;9;925;27;22;21;30;26;29;24;29;19;28
908;63940;1988;7178;12;929;18;29;19;20;27;26;27;23;22;19
909;64129;2014;7137;14;927;29;28;20;17;21;24;28;22;23;20
910;64982;2035;7119;14;930;21;27;27;24;22;16;22;17;17;28
911;63539;2038;7167;13;928;17;23;30;21;16;18;24;23;25;15
912;65877;1999;7195;15;925;26;23;30;25;27;23;21;30;21;26
913;65942;2007;7181;9;924;19;25;19;17;28;25;16;21;23;16
914;63094;2041;7136;11;920;26;27;21;25;20;16;18;23;27;18
915;65018;1999;7139;10;930;20;25;30;21;19;18;24;16;17;21
916;65251;1968;7115;9;928;15;22;16;28;23;18;24;28;15;25
917;65327;2014;7184;9;926;22;30;27;22;20;25;16;20;30;30
918;65376;1970;7120;10;927;15;25;19;24;18;19;23;17;18;15
919;64498;2047;7197;11;924;21;17;25;27;30;27;22;18;15;29
920;64435;1972;7149;11;928;15;25;18;27;28;18;17;30;18;23
921;63291;1950;7104;11;923;24;22;19;21;20;23;16;20;23;17
922;64262;1954;7199;9;927;18;25;16;15;24;25;22;28;30;29
923;65799;1972;7110;9;928;29;22;18;15;19;24;22;20;18;23
924;64389;2028;7112;9;920;29;25;25;23;24;21;17;27;29;24
925;65080;1998;7185;10;927;25;20;19;17;19;30;27;24;22;29
926;63501;1950;7128;9;926;16;27;24;22;30;17;25;17;22;22
927;63503;1988;7198;15;925;26;26;20;27;25;26;30;30;25;28
928;64690;1985;7112;10;925;27;24;16;22;25;20;26;23;19;28
929;65075;2006;7110;10;929;26;27;29;28;30;30;19;30;27;15
930;63210;1997;7147;13;923;30;27;21;23;24;16;17;19;15;25
931;64287;1974;7176;9;926;21;30;21;16;27;26;26;23;19;22
932;65563;2035;7172;15;926;25;19;24;22;15;25;26;19;21;24
933;65010;2032;7135;10;922;24;29;23;15;21;15;18;26;26;26
934;63698;2000;7185;14;923;29;21;20;17;22;27;15;26;20;17
935;64031;1992;7134;13;926;24;28;30;28;23;27;25;19;27;24
936;64135;1984;7131;13;920;22;23;16;17;22;27;19;27;27;18
937;65836;1969;7175;14;927;21;20;24;16;19;20;19;20;24;26
938;65901;1980;7170;9;926;22;21;25;24;26;23;15;21;15;29
939;64596;1967;7178;15;927;23;21;17;26;21;28;27;19;17;20
940;64307;2033;7155;12;927;30;22;21;26;21;23;24;16;27;22
941;65053;2042;7130;14;923;30;18;24;26;20;20;28;23;26;28
942;64418;2042;7104;12;925;23;15;16;28;28;23;21;22;26;16
943;65155;1956;7100;12;921;19;30;25;27;22;16;27;26;20;20
944;65337;2028;7106;11;926;22;22;17;24;24;17;15;26;28;15
945;65364;2031;7158;15;928;19;30;30;28;26;29;28;19;17;26
946;64397;1974;7155;9;925;15;15;27;24;28;25;19;20;27;29
947;65705;1985;7196;15;928;29;19;26;21;30;30;22;30;22;22
948;65145;1983;7175;15;926;19;21;17;17;16;20;28;25;25;24
949;63947;2015;7152;11;923;25;23;27;27;18;18;26;23;26;29
950;65252;1962;7112;12;926;26;28;15;17;19;24;15;18;21;20
951;64969;2037;7118;14;926;19;29;30;16;30;27;19;20;21;29
952;64577;2019;7101;15;929;22;22;28;29;29;20;19;15;22;20
953;63608;1984;7157;10;927;26;26;18;20;29;19;29;18;26;19
954;65046;2046;7170;11;924;27;15;27;16;20;30;21;21;22;15
955;63845;1997;7195;13;922;20;20;16;16;26;27;29;16;18;18
956;63349;1965;7159;15;930;18;22;18;15;15;30;28;21;24;20
957;64357;1993;7140;14;922;15;29;19;16;26;24;27;20;23;28
958;64518;1999;7177;15;925;23;18;23;15;29;23;29;25;18;26
959;64283;2025;7158;14;920;21;19;15;16;16;19;18;15;18;25
960;63879;1978;7103;12;923;28;17;15;30;18;25;27;26;22;20
961;65042;1986;7156;15;924;16;20;28;22;25;27;22;18;24;16
962;63486;1969;7167;13;923;28;25;17;21;27;19;18;29;28;16
963;64714;2038;7134;10;920;22;29;19;30;16;20;17;22;19;26
964;63378;1981;7167;13;923;26;28;28;26;25;30;23;18;24;15
965;64307;1974;7184;15;930;26;30;17;18;18;29;20;21;23;26
966;64827;2027;7149;13;924;26;27;25;25;23;22;16;27;28;17
967;64652;2033;7169;15;925;27;23;17;24;24;19;19;26;17;18
968;65996;2018;7151;14;922;22;18;26;19;19;29;23;23;30;30
969;63263;1957;7153;14;926;29;16;27;28;20;24;24;29;21;20
970;64667;1954;7127;13;925;22;20;28;16;15;24;15;19;24;30
971;63836;2033;7176;13;927;30;18;18;28;21;27;20;21;20;19
972;64607;1968;7185;11;929;22;25;29;26;27;23;28;23;25;19
973;65765;1995;7192;9;927;25;21;22;26;23;23;24;22;19;16
974;64488;2028;7129;11;924;26;22;19;27;19;22;19;21;23;28
975;63776;2030;7198;14;925;19;15;16;24;22;23;18;24;26;24
976;65653;1962;7103;14;927;16;16;24;17;28;27;18;27;25;27
977;63635;2040;7118;15;922;30;29;30;18;17;28;16;22;17;28
978;63709;1997;7144;11;921;21;30;15;20;28;22;30;17;16;21
979;64614;2045;7132;15;930;26;27;29;24;19;22;18;20;29;22
980;64791;2040;7169;12;930;18;21;29;25;28;15;17;27;21;20
981;65208;1965;7147;9;921;24;28;22;30;20;27;21;18;19;20
982;64695;1964;7133;12;926;25;25;22;30;25;17;22;16;25;15
983;63368;1995;7200;14;925;15;22;17;19;22;20;20;27;17;29
984;65173;2042;7139;10;927;26;19;22;29;19;26;28;18;27;22
985;64407;2017;7163;9;921;19;28;26;18;18;23;24;21;20;18
986;64407;1964;7181;12;923;17;25;29;18;18;21;17;29;21;17
987;65789;1976;7127;12;921;20;28;16;23;25;28;23;17;25;15
988;65426;2017;7159;14;921;20;30;20;28;28;25;27;23;24;19
989;65861;1959;7166;13;922;26;22;23;22;21;17;24;29;23;17
990;65757;2022;7187;15;927;29;18;17;16;24;22;22;19;22;17
991;63717;1991;7164;14;928;22;16;15;30;24;18;30;16;17;23
992;64447;2043;7147;13;929;26;18;25;25;28;19;17;18;20;21
993;63353;2029;7145;11;926;29;18;26;27;26;15;28;16;18;26
994;63237;1963;7157;13;930;19;24;24;25;25;22;21;25;26;15
995;64322;1970;7100;13;929;22;15;24;27;20;19;15;29;23;22
996;64402;2003;7108;9;930;22;27;24;27;26;27;20;15;20;17
997;65427;2039;7120;13;930;26;19;20;26;16;21;18;29;30;28
998;65911;2050;7137;13;930;26;24;28;18;25;19;17;26;21;27
999;64288;2013;7175;10;930;23;28;21;16;20;25;25;16;29;28
1000;65945;2039;7105;14;927;16;23;29;19;21;17;15;22;22;23
1001;63074;1965;7154;10;927;23;23;25;26;16;17;15;25;20;25
1002;64638;1961;7154;9;929;18;20;22;18;25;22;19;30;15;21
1003;65296;2004;7171;13;925;27;28;28;28;20;23;27;16;17;22
1004;63037;1966;7156;10;922;19;30;28;26;24;23;25;20;20;16
1005;64485;2027;7195;11;927;22;28;29;17;29;26;15;28;16;16
1006;65259;2000;7144;13;926;28;27;26;23;17;25;27;28;25;29
1007;63801;1964;7190;12;924;27;23;18;30;29;25;24;17;19;27
1008;63355;1960;7197;11;925;26;20;26;18;19;24;20;18;24;19
1009;65737;1985;7102;14;929;30;22;18;27;29;24;29;17;15;17
1010;64925;1971;7102;9;925;30;26;29;16;26;26;15;18;24;17
1011;64508;2043;7198;10;921;16;25;21;24;24;15;20;16;20;28
1012;65039;1995;7173;12;924;20;18;20;16;20;28;25;19;20;16
1013;64481;2020;7152;15;925;26;15;18;24;30;21;16;25;27;29
1014;63146;1973;7199;13;924;18;24;28;29;22;21;26;22;20;27
1015;64670;1990;7108;11;920;20;21;30;15;23;19;16;24;26;19
1016;63353;2040;7154;13;929;28;21;21;28;25;24;30;16;28;28
1017;63620;1977;7195;15;925;26;18;21;29;29;23;29;29;15;27
1018;65643;1992;7134;13;920;18;20;15;28;27;15;27;17;30;20
1019;64978;2038;7144;9;928;25;28;16;21;25;29;15;20;16;17
1020;64852;2000;7168;15;925;24;18;26;28;22;17;30;23;20;15
1021;64268;1991;7112;14;929;25;21;16;22;24;21;24;18;22;21
1022;64414;1987;7182;15;921;29;19;28;29;23;26;22;24;28;27
1023;65792;2034;7172;14;927;17;29;17;18;29;23;17;24;29;23
1024;64487;1980;7157;13;923;16;15;24;19;25;27;22;17;30;26
1025;65609;1971;7187;12;925;30;27;28;27;15;20;23;17;16;16
1026;63148;1962;7111;11;923;16;29;17;27;25;19;18;26;25;19
1027;64921;2042;7107;13;925;22;22;23;22;22;22;26;17;18;27
1028;65215;1966;7182;9;926;20;28;28;21;22;20;28;24;19;22
1029;63661;1958;7158;13;930;17;25;27;25;21;25;23;16;26;16
1030;63457;1952;7171;10;922;22;26;24;17;16;29;19;18;15;22
1031;65033;2013;7187;10;929;19;28;21;18;21;16;16;28;26;28
1032;63728;2015;7116;11;920;18;25;16;21;20;18;19;15;30;21
1033;63367;2022;7104;9;926;16;19;26;29;29;16;21;21;29;25
1034;63282;1983;7159;11;921;17;18;24;25;22;22;27;16;29;28
1035;63631;1958;7182;14;929;17;18;25;15;27;16;18;19;20;23
1036;63485;1994;7104;11;926;19;24;30;26;20;21;18;29;17;27
1037;65689;1971;7185;10;926;15;25;28;19;16;19;22;25;24;29
1038;64219;2012;7136;9;923;20;30;25;20;27;27;24;28;28;18
1039;64036;2046;7197;13;922;15;16;28;27;18;24;18;26;27;17
1040;64578;2003;7127;10;924;20;27;21;24;24;29;21;20;15;27
1041;64595;1987;7186;13;921;27;21;30;29;20;26;30;24;24;22
1042;64446;1998;7148;15;930;24;22;25;18;27;15;30;23;17;18
1043;64350;1951;7126;13;929;26;25;17;19;16;28;16;21;27;20
1044;64946;1991;7114;12;921;25;23;28;24;26;25;15;24;29;30
1045;63215;2016;7123;14;925;20;16;26;23;17;20;15;29;22;20
1046;63551;1970;7141;10;924;30;26;30;19;20;25;23;25;29;26
1047;64103;1998;7196;9;929;22;27;23;19;30;24;27;30;30;24
1048;65736;2048;7173;14;923;21;30;28;17;24;24;16;22;18;22
1049;64274;2021;7166;11;923;18;28;29;30;29;26;20;17;22;18
1050;65785;2049;7179;13;926;22;24;28;30;26;22;30;27;16;29
1051;64008;1969;7102;10;927;23;16;28;24;29;28;24;28;23;24
1052;63822;2009;7169;9;922;27;24;18;17;17;23;23;22;26;28
1053;64270;1978;7139;10;922;21;25;29;23;26;15;30;30;21;15
1054;65363;2045;7109;14;926;19;15;26;17;17;22;26;28;24;16
1055;65282;1965;7163;11;923;24;22;19;19;18;16;23;25;29;19
1056;63004;2011;7148;9;924;24;18;29;30;24;30;15;16;27;29
1057;64994;2016;7168;12;925;18;24;16;23;18;19;16;21;22;28
1058;65475;2045;7121;10;920;27;24;18;29;17;22;17;16;28;24
1059;63926;2007;7164;14;927;24;17;24;30;27;27;15;19;22;23
1060;63302;2011;7100;13;925;15;17;18;21;17;25;20;22;15;22
1061;64096;1960;7186;10;928;18;23;17;28;23;19;15;25;16;30
1062;63499;1952;7110;12;923;23;18;19;26;16;28;23;22;17;29
1063;64839;2039;7102;10;920;25;20;18;16;24;28;30;29;27;25
1064;64691;1964;7122;14;920;22;20;21;28;17;19;23;29;30;29
1065;65660;1989;7192;14;925;29;15;17;23;21;15;29;29;19;26
1066;64223;2022;7191;13;924;29;26;28;24;23;29;23;19;18;25
1067;64217;2030;7126;9;924;25;15;22;20;28;20;25;24;27;18
1068;64280;1980;7193;10;930;28;26;19;23;23;15;29;17;21;25
1069;65928;2007;7118;10;927;27;22;24;19;25;17;29;19;24;30
1070;63247;2034;7199;9;920;24;26;26;21;20;26;21;15;21;15
1071;63967;1978;7144;15;925;19;30;15;24;25;16;26;30;24;26
1072;63302;2008;7122;12;923;21;18;27;29;20;23;26;21;15;27
1073;65228;1950;7192;11;921;25;17;23;21;22;21;15;17;20;15
1074;65332;2013;7146;11;925;24;27;25;17;17;20;21;26;26;26
1075;65074;2047;7165;10;921;21;25;20;28;17;26;21;25;19;25
1076;63017;2014;7175;9;928;17;17;19;24;24;15;28;17;27;16
1077;64984;1994;7163;15;920;20;24;28;24;27;19;30;17;30;19
1078;64217;2019;7109;13;920;20;17;22;18;25;22;29;22;25;19
1079;65162;2044;7126;14;923;23;26;28;15;28;15;15;29;28;28
1080;65145;2023;7184;14;930;19;24;24;29;21;16;19;22;28;21
1081;65309;2001;7180;15;928;23;26;20;20;20;27;21;17;16;30
1082;64557;2037;7116;15;928;20;22;26;17;26;25;28;21;15;28
1083;64149;2011;7143;12;925;21;15;24;15;26;18;25;18;25;24
1084;65847;2025;7103;12;926;22;30;18;18;26;26;25;17;17;18
1085;64321;1957;7179;14;921;26;21;25;25;23;20;15;30;20;20
1086;63813;2027;7174;9;920;21;15;23;20;26;15;18;17;22;22
1087;64329;1968;7122;12;920;25;30;17;16;29;20;21;23;25;21
1088;65935;1987;7103;9;920;16;23;16;24;15;17;17;21;24;23
1089;64088;1953;7197;14;930;18;27;19;26;27;20;15;21;21;24
1090;65391;1955;7141;10;927;30;30;29;28;17;20;28;20;18;26
1091;64602;1959;7159;12;928;19;17;21;25;15;25;21;23;24;19
1092;63017;2014;7179;12;920;16;16;27;21;25;16;20;25;19;22
1093;65622;2034;7113;9;929;19;19;17;22;18;28;26;18;21;28
1094;64621;1977;7186;10;929;23;22;21;21;28;25;21;23;29;26
1095;64013;2050;7196;13;928;28;16;29;25;28;22;27;26;20;20
1096;65484;2000;7193;9;930;22;27;15;29;30;24;19;28;29;19
1097;63974;1989;7179;11;927;27;23;21;18;22;30;25;30;28;19
1098;65742;2016;7120;14;929;19;24;25;19;30;15;23;19;30;19
1099;64513;2000;7133;12;930;20;27;30;19;18;28;28;19;17;17
1100;64550;2018;7181;14;921;30;17;23;20;26;25;26;22;17;22
1101;63643;2034;7140;9;926;23;19;21;22;17;15;20;22;18;15
1102;64323;1952;7199;15;921;22;24;29;16;15;15;19;25;15;30
1103;64068;2020;7162;9;925;27;30;23;29;16;30;15;24;22;15
1104;63760;1986;7105;14;927;18;22;25;20;20;25;18;26;22;27
1105;65426;2026;7124;10;924;29;29;22;16;21;17;17;20;25;19
1106;65974;1994;7180;14;921;29;28;15;25;27;24;22;23;27;24
1107;64589;1985;7159;14;926;16;25;21;24;28;24;28;22;22;19
1108;65335;1965;7193;9;920;15;30;19;24;20;17;20;23;22;29
1109;64100;1973;7154;13;930;29;18;22;25;17;23;28;26;30;29
1110;63194;2045;7110;14;928;20;19;15;27;26;23;19;18;25;21
1111;63538;1973;7148;13;928;27;25;28;18;30;27;16;28;27;29
1112;65836;1973;7142;10;930;20;30;20;28;18;26;15;19;21;15
1113;64595;2013;7154;14;921;25;21;15;17;25;23;21;20;26;23
1114;65261;2009;7199;15;928;21;19;19;19;20;29;15;19;22;28
1115;65566;2017;7157;11;924;30;26;27;24;16;30;19;23;30;27
1116;65883;2005;7121;13;924;25;29;19;25;25;20;15;25;16;21
1117;64995;1986;7174;14;922;19;30;23;18;17;23;30;17;17;21
1118;63246;2043;7102;14;922;19;24;19;28;19;25;20;30;25;25
1119;65679;2033;7171;14;920;29;15;29;30;15;27;17;22;21;17
1120;63303;2030;7115;10;925;26;22;18;15;26;19;18;22;19;29
1121;65729;1965;7117;13;929;17;19;26;21;28;28;17;27;27;19
1122;63567;1969;7104;12;923;21;26;25;27;21;15;22;26;26;17
1123;64072;1968;7106;10;928;28;30;15;24;27;18;15;25;19;28
1124;64569;2009;7127;11;923;20;30;23;15;22;20;25;20;17;19
1125;63124;1961;7144;13;920;27;27;19;28;17;24;27;30;29;21
1126;64681;2013;7152;10;930;18;15;29;23;28;22;26;17;22;26
1127;65959;2024;7186;14;921;29;21;21;24;27;24;29;30;17;29
1128;63604;1966;7141;13;924;28;28;26;17;15;16;20;23;16;24
1129;64563;1967;7103;11;921;21;21;22;15;23;28;15;20;28;17
1130;63496;1972;7199;15;922;22;28;15;16;28;29;19;26;28;27
1131;65165;1970;7111;15;926;27;27;21;30;16;23;19;23;26;16
1132;65385;2015;7103;10;929;19;15;29;30;20;27;19;24;19;18
1133;63897;1974;7197;14;926;26;30;23;21;25;29;16;23;23;22
1134;63775;1989;7165;12;930;17;23;29;17;17;26;19;15;22;17
1135;63164;1997;7153;11;927;17;25;18;24;20;23;24;22;20;16
1136;64997;1997;7137;15;927;18;27;30;17;15;22;18;23;17;26
1137;64396;2049;7162;14;925;25;30;24;21;22;19;17;22;16;17
1138;63216;1965;7132;11;924;20;26;26;22;19;17;15;29;27;30
1139;64550;1987;7160;13;921;28;19;29;17;21;25;28;28;18;19
1140;63199;1982;7144;9;926;27;22;30;24;22;23;20;29;20;29
1141;64423;2010;7193;14;920;25;26;30;21;19;20;21;26;30;26
1142;64564;2024;7131;14;924;18;22;22;20;19;29;22;22;20;19
1143;64912;1974;7178;15;923;21;18;18;28;18;16;16;28;20;15
1144;65679;1999;7103;9;930;19;26;21;16;27;24;17;29;15;26
1145;65430;1999;7192;13;924;17;18;23;26;22;21;20;20;26;18
1146;63642;1954;7194;15;927;30;17;28;23;29;24;27;19;30;19
1147;65101;2044;7117;14;920;27;15;16;15;27;19;26;22;15;15
1148;65876;2038;7109;12;923;22;28;15;22;20;26;26;17;27;27
1149;65952;1972;7181;14;922;26;25;19;25;24;23;15;19;23;20
1150;64366;1981;7182;14;928;16;22;25;22;16;23;16;30;23;23
1151;64871;1955;7161;14;930;24;23;18;22;25;22;26;25;24;17
1152;63747;1976;7146;13;921;21;18;22;28;18;22;28;22;20;30
1153;64615;1953;7142;13;921;24;15;29;23;19;30;22;23;20;19
1154;64559;2042;7107;15;927;28;19;15;26;30;30;29;20;20;16
1155;64809;1961;7170;13;924;15;28;27;27;15;23;16;30;20;24
1156;64083;1954;7149;11;928;28;25;23;22;22;30;26;19;15;15
1157;63489;1977;7178;10;925;29;20;24;19;21;22;17;15;28;23
1158;64708;2032;7117;15;927;23;25;19;18;19;22;29;22;30;15
1159;63812;1982;7184;13;928;21;25;15;24;15;15;26;21;23;18
1160;63917;1998;7122;13;928;25;26;19;27;22;22;29;21;25;17
1161;65839;2014;7132;12;920;23;19;28;28;27;28;24;27;27;26
1162;64791;2038;7146;10;924;28;26;15;25;21;20;16;27;25;25
1163;65131;2040;7164;12;923;26;24;22;15;21;20;15;16;15;21
1164;65629;1994;7178;14;929;17;29;17;19;28;24;16;15;20;21
1165;64653;1998;7147;10;930;20;27;15;28;17;23;25;18;22;28
1166;64595;2026;7178;15;921;28;26;24;30;22;18;23;16;24;28
1167;63675;2011;7177;11;924;27;29;15;16;28;30;27;20;15;26
1168;64470;2039;7192;14;927;20;27;29;30;18;30;18;28;25;27
1169;64671;2017;7168;9;921;24;17;20;23;30;24;28;24;23;20
1170;63168;1991;7104;9;920;19;21;25;16;24;21;26;30;20;23
1171;64775;1995;7182;10;926;17;17;24;17;16;21;30;22;29;17
1172;64475;2045;7190;15;923;24;18;23;23;19;29;29;28;23;23
1173;64344;1995;7112;15;920;21;23;29;20;17;18;26;17;17;24
1174;64058;1973;7113;14;921;26;19;26;24;20;30;30;20;18;17
1175;64937;2006;7164;12;929;18;15;26;29;23;21;15;17;30;30
1176;63708;1976;7190;10;924;19;18;25;20;27;21;20;29;26;25
1177;63115;1965;7103;14;927;17;15;29;17;30;27;24;27;23;24
1178;65444;1972;7189;10;928;24;27;15;26;20;25;25;24;22;20
1179;63446;2047;7165;14;922;25;24;19;22;24;16;26;16;21;25
1180;64067;2020;7132;11;927;23;17;25;27;15;24;29;19;29;15
1181;64097;1992;7134;10;927;17;23;24;29;21;27;25;17;29;30
1182;64034;2003;7163;12;926;19;21;26;27;24;19;28;19;29;15
1183;64815;1985;7187;9;925;25;25;26;19;16;23;20;15;29;16
1184;63509;1960;7124;13;929;22;16;16;17;30;24;22;28;20;22
1185;64785;1956;7104;12;924;16;16;25;28;17;26;30;30;30;24
1186;65313;1958;7176;10;929;19;21;29;27;16;18;30;24;28;24
1187;64280;2050;7195;13;920;21;20;21;24;22;19;29;20;29;23
